{"train_loss": [2.1994060997009277, 1.9294916412353516, 1.7750286920547484, 1.6056509586334229, 1.4209152302742005, 1.2280269269943238, 1.1215112588882445, 1.005601696395874, 0.9577556275367737, 0.8865196248054504, 0.8473471051216126, 0.7874278873920441, 0.7626591563224793, 0.7334589257717132, 0.6898155377864837, 0.6773126588344573, 0.6428543026447296, 0.623115369462967, 0.5937335914611817, 0.5867619008541107, 0.45179284405708314, 0.41374702231884003, 0.3992911087036133, 0.3845883566379547, 0.3766191490411758, 0.3698630138635635, 0.3630459967136383, 0.35964467334747313, 0.3528469594717026, 0.3442726779460907, 0.337451269030571, 0.33172246841192243, 0.3306493105649948, 0.32177051330804823, 0.3144373594403267, 0.3147572721362114, 0.30910297436714174, 0.30184242169857023, 0.2972760934829712, 0.2978091093301773, 0.2827660390138626, 0.27661332842707637, 0.27326280995607377, 0.2744630910217762, 0.2724696467280388, 0.26922235254049304, 0.2752854615211487, 0.2726428153753281, 0.26702859035730364, 0.2664201020181179, 0.2709965822815895, 0.2679476654171944, 0.2729707310497761, 0.265485457187891, 0.267505291056633, 0.26190175161361695, 0.26627730978727343, 0.2642771287560463, 0.26223018498420714, 0.26014233288764954, 0.26271713278293607, 0.25857897864580154, 0.2616358382344246, 0.2617227187395096, 0.2571169682443142, 0.265542585670948, 0.25643941457271574, 0.25926704449653626, 0.26259996485710146, 0.2626608590126038, 0.26030903877019884, 0.26497569255828857, 0.26208003939390184, 0.2605157228708267, 0.25989209719896317, 0.25844955304861067, 0.2604606084465981, 0.26056111389994624, 0.2581979020655155, 0.25815412719249725, 0.25719537028074263, 0.2585785531401634, 0.26153756339550016, 0.25875229061841964, 0.25903055665493013, 0.26236691954135893, 0.2601426795840263, 0.2556979738950729, 0.25588921288251876, 0.2591400227963924, 0.258477659702301, 0.26000553369522095, 0.2583589538514614, 0.2571699754834175, 0.258903173071146, 0.2585871697962284, 0.2584792590856552, 0.26143359971642494, 0.25638343022465704, 0.260861669075489], "val_loss": [2.0988034754042415, 1.8435102078565366, 1.6656324301555658, 1.497964489991498, 1.2163028166552259, 1.0828630563559805, 1.0601804677847844, 1.0067906208858368, 0.9015092739633693, 0.8568943644025523, 0.7905068272238325, 0.8351217584245524, 0.7416454202430264, 0.6907022536560229, 0.6622314029818128, 0.6428292086169978, 0.6767884773813235, 0.606079772589313, 0.6358202114986007, 0.6257942490706778, 0.507903584913843, 0.49466769871818034, 0.48596189299206827, 0.4821126107956953, 0.4874290493643208, 0.4793076621499031, 0.4719156135988843, 0.4737603000964329, 0.47686065097523345, 0.47467163385479316, 0.4709381106173157, 0.45962968136474586, 0.46359147283301994, 0.4622907415506946, 0.4603126706780901, 0.45999434495427804, 0.46678712736269473, 0.4639703618113402, 0.46244946207590165, 0.4590597093864611, 0.45767965903327723, 0.4555244830193793, 0.4589274610113946, 0.45868942416777275, 0.45747405803127655, 0.4614482420455119, 0.459887678171419, 0.459756582026269, 0.4563371007609519, 0.45731959838396424, 0.4574980951228719, 0.4592177000395052, 0.4584473518619112, 0.4569688836100754, 0.4566818643717249, 0.46009294906998893, 0.45684089848570003, 0.4619945251637963, 0.45993347038888627, 0.4610334845485201, 0.4590151296679381, 0.4620007191114365, 0.45846800097993984, 0.4575354789093042, 0.45837857873196813, 0.4576261437432781, 0.4592697403992817, 0.45957771902251393, 0.46098741813070454, 0.4609083947102735, 0.45905430567492345, 0.458531199367183, 0.46063069515167526, 0.45884048217421125, 0.461188484813757, 0.45900354975727714, 0.4573554009388966, 0.4591611050496435, 0.4584069870839453, 0.4581605434227901, 0.4598027434508512, 0.46041070181093396, 0.4589290086440979, 0.4593079767789051, 0.4601230254029013, 0.45927432720448563, 0.4592297494791116, 0.4577732987844261, 0.4576087910088764, 0.4585528797025134, 0.45878825910911436, 0.45925003451526547, 0.45798287849137737, 0.4574599403199876, 0.4587411216110181, 0.46097658887790266, 0.45752850602007217, 0.4591072025192771, 0.45728360766627985, 0.4591995572588246], "train_acc": [0.143375, 0.2146, 0.285725, 0.37415, 0.479625, 0.564275, 0.605125, 0.6514, 0.66915, 0.6984, 0.71465, 0.7351, 0.746975, 0.757225, 0.772325, 0.777575, 0.7923, 0.796275, 0.806125, 0.810425, 0.849125, 0.8635, 0.866075, 0.872825, 0.873175, 0.8756, 0.878925, 0.880775, 0.881975, 0.884675, 0.88665, 0.88965, 0.889325, 0.8919, 0.8943, 0.8938, 0.894325, 0.8981, 0.898725, 0.899025, 0.904225, 0.9077, 0.908025, 0.90855, 0.90875, 0.90995, 0.908725, 0.90845, 0.90975, 0.909925, 0.90735, 0.908925, 0.908275, 0.9101, 0.91065, 0.91145, 0.910525, 0.9118, 0.911575, 0.911875, 0.911125, 0.911525, 0.911775, 0.911975, 0.913325, 0.91085, 0.9125, 0.91285, 0.912375, 0.910275, 0.91265, 0.9109, 0.912175, 0.9125, 0.912225, 0.915075, 0.911025, 0.9108, 0.91275, 0.91305, 0.914375, 0.912625, 0.9103, 0.9127, 0.913125, 0.9115, 0.912, 0.913475, 0.914225, 0.912625, 0.9122, 0.911625, 0.912575, 0.9128, 0.912625, 0.912425, 0.9123, 0.9119, 0.913375, 0.91205], "val_acc": [0.1567, 0.2561, 0.337, 0.4554, 0.5607, 0.613, 0.6307, 0.6488, 0.689, 0.708, 0.7342, 0.7302, 0.7535, 0.7682, 0.7799, 0.7908, 0.7746, 0.796, 0.7907, 0.7935, 0.8325, 0.8378, 0.8384, 0.8418, 0.8409, 0.8455, 0.8438, 0.8449, 0.8463, 0.8456, 0.8474, 0.8502, 0.8489, 0.8488, 0.8517, 0.8518, 0.8513, 0.8528, 0.854, 0.8566, 0.8577, 0.858, 0.858, 0.858, 0.8585, 0.8593, 0.8586, 0.8586, 0.8589, 0.8599, 0.8591, 0.8594, 0.8587, 0.8597, 0.8605, 0.861, 0.8603, 0.8603, 0.8611, 0.861, 0.8612, 0.8613, 0.8609, 0.8611, 0.8611, 0.8608, 0.8608, 0.8609, 0.8606, 0.8605, 0.8604, 0.8608, 0.8604, 0.8602, 0.8601, 0.8598, 0.8602, 0.8603, 0.86, 0.8603, 0.8603, 0.8605, 0.8604, 0.8604, 0.8604, 0.8605, 0.8605, 0.8605, 0.8603, 0.8604, 0.8603, 0.8605, 0.8609, 0.8609, 0.8608, 0.8607, 0.8607, 0.8606, 0.8606, 0.8607]}